option	state
CONFIG_MODULE_SIG	not set
CONFIG_MODULE_SIG_FORCE	unset
CONFIG_CFI_CLANG	unset
CONFIG_SHADOW_CALL_STACK	y
CONFIG_ARM64_PTR_AUTH	y
CONFIG_ARM64_BTI_KERNEL	y
CONFIG_RANDOMIZE_BASE	y
CONFIG_STACKPROTECTOR_STRONG	y
CONFIG_HARDENED_USERCOPY	y
CONFIG_SECURITY_SELINUX_DEVELOP	y
CONFIG_KGDB	not set
CONFIG_DEBUG_FS	y
CONFIG_STRICT_KERNEL_RWX	y
CONFIG_INIT_ON_ALLOC_DEFAULT_ON	y
CONFIG_ARM64_MTE	y
CONFIG_QCOM_QFPROM	m
CONFIG_QCOM_QFPROM_SYS	not set
CONFIG_MSM_TMECOM_QMP	m
CONFIG_HIBERNATION	y
CONFIG_KVM	unset
CONFIG_DM_VERITY_FEC	y
CONFIG_FS_VERITY	y
CONFIG_PSTORE_RAM	y
CONFIG_MAGIC_SYSRQ	y
CONFIG_DYNAMIC_DEBUG	not set
CONFIG_ANDROID_BINDER_IPC	y
CONFIG_META_OATMEAL	not set
CONFIG_META_GRANOLA_OATMEAL	not set
CONFIG_SECURITY_LOCKDOWN_LSM	not set
CONFIG_SECURITY_YAMA	not set
CONFIG_RANDOMIZE_KSTACK_OFFSET_DEFAULT	unset
CONFIG_HW_RANDOM_MSM_LEGACY	m
