component	0:Greatwhite Config Dev0	1:Greatwhite EVT1 Camera DOE	2:Greatwhite Dev0 2023	3:Greatwhite Dev1.0	4:Protostar FF3 (RT700)	5:Greatwhite DVT	6:Greatwhite Dev0.2	7:Greatwhite EVT2	8:Greatwhite Config Dev0.1	9:Greatwhite Dev1.1	10:Greatwhite PreP1	11:Greatwhite ULED	12:Greatwhite PreP1+	13:Greatwhite PVT	14:Greatwhite P1 (RT700)	15:Greatwhite P1 (RT600)	16:Greatwhite EVT1 (RT700)	17:Greatwhite EVT1 DOE2 (Onewire)
qcom,pm8150@0	okay	okay	okay	okay	okay	okay	okay	okay	okay	okay	okay	okay	okay	okay	okay	okay	okay	okay
qcom,pm8150@1	okay	okay	okay	okay	okay	okay	okay	okay	okay	okay	okay	okay	okay	okay	okay	okay	okay	okay
reboot_reason	okay	okay	okay	okay	okay	okay	okay	okay	okay	okay	okay	okay	okay	okay	okay	okay	okay	okay
gpio_keys	okay	okay	okay	okay	okay	okay	okay	okay	okay	okay	okay	okay	okay	okay	okay	okay	okay	okay
quat_tdm_pinctrl	okay	okay	okay	okay	okay	okay	okay	okay	okay	okay	okay	okay	okay	okay	okay	okay	okay	okay
qcom,cam-res-mgr	ok	ok	ok	ok	ok	ok	ok	ok	ok	ok	ok	ok	ok	ok	ok	ok	ok	ok
qcom,eeprom0	ok	ok	ok	ok	ok	ok	ok	ok	ok	ok	ok	ok	ok	ok	ok	ok	ok	ok
qcom,cam-sensor0	ok	ok	ok	ok	ok	ok	ok	ok	ok	ok	ok	ok	ok	ok	ok	ok	ok	ok
oculus,cam_fsync	ok	ok	ok	ok	ok	ok	ok	ok	ok	ok	ok	ok	ok	ok	ok	ok	ok	ok
camera_key	ok	ok	ok	ok	ok	ok	ok	ok	ok	ok	ok	ok	ok	ok	ok	ok	ok	ok
meta,rt600_ctrl	ok	ok	ok	ok	ok	ok	ok	ok	ok	ok	ok	ok	ok	ok	ok	ok	ok	ok
spi-stp@0	ok	ok	ok	ok	ok	ok	ok	ok	ok	ok	ok	ok	ok	ok	ok	ok	ok	ok
power-state-sensor	ok	ok	ok	ok	ok	ok	ok	ok	ok	ok	ok	ok	ok	ok	ok	ok	ok	ok
hw-comparator-sensor	okay	okay	okay	okay	okay	okay	okay	okay	okay	okay	okay	okay	okay	okay	okay	okay	okay	okay
mfi343s00176@10	ok	ok	ok	ok	ok	ok	ok	ok	ok	ok	ok	ok	ok	ok	ok	ok	ok	ok
st60a3g1@6d	disabled	disabled	disabled	disabled	disabled	disabled	disabled	disabled	disabled	disabled	disabled	disabled	disabled	disabled	disabled	disabled	disabled	disabled
rt6160@75	ok	ok	ok	ok	ok	ok	ok	ok	ok	ok	ok	ok	ok	ok	ok	ok	ok	ok
ads1115@49	disabled	disabled	disabled	disabled	disabled	disabled	disabled	disabled	disabled	disabled	disabled	disabled	disabled	disabled	disabled	disabled	disabled	disabled
mp28167@60	disabled	disabled	disabled	disabled	disabled	disabled	disabled	disabled	disabled	disabled	disabled	disabled	disabled	disabled	disabled	disabled	disabled	disabled
max77789@69	disabled	disabled	disabled	disabled	disabled	disabled	disabled	disabled	disabled	disabled	disabled	disabled	disabled	disabled	disabled	disabled	disabled	disabled
ptn5150@1d	disabled	disabled	disabled	disabled	disabled	disabled	disabled	disabled	disabled	disabled	disabled	disabled	disabled	disabled	disabled	disabled	disabled	disabled
rpmh-regulator-ldoa16	okay	okay	okay	okay	okay	okay	okay	okay	okay	okay	okay	okay	okay	okay	okay	okay	okay	okay
ramoops@a6c00000	okay	okay	okay	okay	okay	okay	okay	okay	okay	okay	okay	okay	okay	okay	okay	okay	okay	okay
amem	ok	ok	ok	ok	ok	ok	ok	ok	ok	ok	ok	ok	ok	ok	ok	ok	ok	ok
generic-virtual-sensor	disabled	disabled	disabled	disabled	disabled	disabled	disabled	disabled	disabled	disabled	disabled	disabled	disabled	disabled	disabled	disabled	disabled	disabled
outdoor-virtual-sensor	disabled	disabled	disabled	disabled	disabled	disabled	disabled	disabled	disabled	disabled	disabled	disabled	disabled	disabled	disabled	disabled	disabled	disabled
usb_conn_gpio	okay	okay	okay	okay	okay	okay	okay	okay	okay	okay	okay	okay	okay	okay	okay	okay	okay	okay
pmicOP03010@40	ok	ok	ok	ok	disabled	ok	ok	ok	ok	ok	ok	disabled	ok	ok	ok	ok	ok	ok
lcosOP03010@64	ok	ok	ok	ok	disabled	ok	ok	ok	ok	ok	ok	disabled	ok	ok	ok	ok	ok	ok
pmicOP02220@44	ok	ok	ok	ok	ok	ok	ok	ok	ok	ok	ok	ok	ok	ok	ok	ok	ok	ok
lcosOP02220BA@65	ok	ok	ok	ok	ok	ok	ok	ok	ok	ok	ok	ok	ok	ok	ok	ok	ok	ok
max31875@48	ok	disabled	ok	disabled	ok	disabled	disabled	disabled	ok	disabled	ok	disabled	ok	disabled	disabled	disabled	disabled	disabled
max31875@49	ok	disabled	ok	disabled	ok	disabled	disabled	disabled	ok	disabled	ok	disabled	ok	disabled	disabled	disabled	disabled	disabled
max31875@4A	ok	disabled	ok	disabled	ok	disabled	disabled	disabled	ok	disabled	ok	disabled	ok	disabled	disabled	disabled	disabled	disabled
raa491901@29	ok	ok	ok	ok	disabled	ok	ok	ok	ok	ok	ok	disabled	ok	ok	ok	ok	ok	ok
qcom,mdss_mdp@ae00000	okay	okay	okay	okay	okay	okay	okay	okay	okay	okay	okay	okay	okay	okay	okay	okay	okay	okay
qcom,mdss_dsi_ctrl0@ae94000	okay	okay	okay	okay	okay	okay	okay	okay	okay	okay	okay	okay	okay	okay	okay	okay	okay	okay
qcom,mdss_dsi_ctrl1@ae96000	okay	okay	okay	okay	okay	okay	okay	okay	okay	okay	okay	okay	okay	okay	okay	okay	okay	okay
qcom,mdss_dsi_phy0@ae95500	okay	okay	okay	okay	okay	okay	okay	okay	okay	okay	okay	okay	okay	okay	okay	okay	okay	okay
qcom,mdss_dsi_phy1@ae97500	okay	okay	okay	okay	okay	okay	okay	okay	okay	okay	okay	okay	okay	okay	okay	okay	okay	okay
qcom,msm-ext-disp	okay	okay	okay	okay	okay	okay	okay	okay	okay	okay	okay	okay	okay	okay	okay	okay	okay	okay
qcom,dp_display@ae90000	disabled	disabled	disabled	disabled	disabled	disabled	disabled	disabled	disabled	disabled	disabled	disabled	disabled	disabled	disabled	disabled	disabled	disabled
qcom,sde_rscc@af20000	okay	okay	okay	okay	okay	okay	okay	okay	okay	okay	okay	okay	okay	okay	okay	okay	okay	okay
qcom,smmu_sde_unsec_cb	okay	okay	okay	okay	okay	okay	okay	okay	okay	okay	okay	okay	okay	okay	okay	okay	okay	okay
qcom,smmu_sde_sec_cb	okay	okay	okay	okay	okay	okay	okay	okay	okay	okay	okay	okay	okay	okay	okay	okay	okay	okay
sde_rsc_rpmh	okay	okay	okay	okay	okay	okay	okay	okay	okay	okay	okay	okay	okay	okay	okay	okay	okay	okay
qcom,dsi-display-primary	okay	okay	okay	okay	okay	okay	okay	okay	okay	okay	okay	okay	okay	okay	okay	okay	okay	okay
qcom,dsi-display-secondary	okay	okay	okay	okay	okay	okay	okay	okay	okay	okay	okay	okay	okay	okay	okay	okay	okay	okay
display_gpio_regulator@1	disabled	disabled	disabled	disabled	disabled	disabled	disabled	disabled	disabled	disabled	disabled	disabled	disabled	disabled	disabled	disabled	disabled	disabled
qcom,wb-display@0	okay	okay	okay	okay	okay	okay	okay	okay	okay	okay	okay	okay	okay	okay	okay	okay	okay	okay
display_gpio_regulator@2	disabled	disabled	disabled	disabled	disabled	disabled	disabled	disabled	disabled	disabled	disabled	disabled	disabled	disabled	disabled	disabled	disabled	disabled
display_gpio_regulator@3	disabled	disabled	disabled	disabled	disabled	disabled	disabled	disabled	disabled	disabled	disabled	disabled	disabled	disabled	disabled	disabled	disabled	disabled
aw2026@64	ok	ok	ok	ok	ok	ok	ok	ok	ok	ok	ok	ok	ok	ok	ok	ok	ok	ok
ktb8399@60	ok	ok	ok	ok	ok	ok	ok	ok	ok	ok	ok	ok	ok	ok	ok	ok	ok	ok
qcom,qup_uart@a8c000	disabled	disabled	disabled	disabled	disabled	disabled	disabled	disabled	disabled	disabled	disabled	disabled	disabled	disabled	disabled	disabled	disabled	disabled
stp-interface	ok	ok	ok	ok	ok	ok	ok	ok	ok	ok	ok	ok	ok	ok	ok	ok	ok	ok
metabattery	ok	ok	ok	ok	ok	ok	ok	ok	ok	ok	ok	ok	ok	ok	ok	ok	ok	ok
mcu_thermistor	ok	ok	ok	ok	ok	ok	ok	ok	ok	ok	ok	ok	ok	ok	ok	ok	ok	ok
skin-virtual-sensor	ok	ok	ok	ok	ok	ok	ok	ok	ok	ok	ok	ok	ok	ok	ok	ok	ok	ok
display-virtual-sensor	ok	disabled	ok	disabled	disabled	disabled	disabled	disabled	ok	disabled	ok	ok	ok	disabled	disabled	ok	disabled	disabled
max77813_se8_i2c@18	ok	-	ok	-	-	-	-	-	-	-	-	-	-	-	-	-	-	-
max77813@18	-	disabled	-	disabled	disabled	disabled	disabled	disabled	ok	disabled	ok	disabled	ok	disabled	disabled	disabled	disabled	disabled
rt685_detect	-	okay	-	okay	okay	okay	okay	okay	-	okay	-	okay	-	okay	okay	okay	okay	okay
p1_power_slider	-	okay	-	okay	okay	okay	okay	okay	-	okay	-	okay	-	okay	okay	okay	okay	okay
hyperoff@0	-	ok	-	ok	-	ok	ok	ok	ok	ok	-	-	-	ok	ok	-	ok	ok
tmp114@4C	-	-	-	ok	-	-	ok	-	-	ok	-	-	-	-	-	ok	-	-
tmp114@4D	-	-	-	ok	-	-	ok	-	-	ok	-	-	-	-	-	ok	-	-
max17332@36	-	-	-	-	ok	-	-	-	-	-	-	-	-	-	-	-	-	-
pmicDA9172@6A	-	-	-	-	-	-	-	-	-	-	-	ok	-	-	-	-	-	-
jbd4020@59	-	-	-	-	-	-	-	-	-	-	-	ok	-	-	-	-	-	-
tmp114@4E	-	-	-	-	-	-	-	-	-	-	-	ok	-	-	-	-	-	-
