node	compatible	overlays_present (of 18)
ads1115@49	"ti,ads1115"	18
amem	"meta,amem"	18
aw2026@64	"awinic,aw2026_led"	18
camera_key	"gpio-keys"	18
display-virtual-sensor	"oculus,generic-virtual-sensor"	18
display_gpio_regulator@1	"qti-regulator-fixed"	18
display_gpio_regulator@2	"qti-regulator-fixed"	18
display_gpio_regulator@3	"qti-regulator-fixed"	18
generic-virtual-sensor	"oculus,generic-virtual-sensor"	18
gpio_keys	"gpio-keys"	18
hw-comparator-sensor	"gpio,low-volt-detect"	18
hyperoff@0	"meta,hyperoff"	11
jbd4020@59	"meta,jbd4020-i2c"	1
ktb8399@60	"kinetic,ktb8399"	18
lcosOP02220BA@65	"meta,lcos-i2c-OP02220"	18
lcosOP03010@64	"meta,lcos-i2c-OP03010"	18
max17332@36	"maxim,max17332"	1
max31875@48	"meta,max31875-i2c"	18
max31875@49	"meta,max31875-i2c"	18
max31875@4A	"meta,max31875-i2c"	18
max77789@69	"maxim,max77789"	18
max77813@18	"maxim,max77813"	16
max77813_se8_i2c@18	"maxim,max77813"	2
mcu_thermistor	"meta,mcu_thermistor"	18
meta,rt600_ctrl	"meta,rt600_ctrl"	18
metabattery	"meta,metabattery"	18
mfi343s00176@10	"meta,mfi-i2c"	18
mp28167@60	"mps,mp28167"	18
oculus,cam_fsync	"oculus,cam_fsync"	18
outdoor-virtual-sensor	"oculus,generic-virtual-sensor"	18
p1_power_slider	"gpio-keys"	13
pmicDA9172@6A	"meta,pmic-i2c-da9172"	1
pmicOP02220@44	"meta,pmic-i2c-OP02220"	18
pmicOP03010@40	"meta,pmic-i2c-OP03010"	18
power-state-sensor	"oculus,power-state-sensor"	18
ptn5150@1d	"nxp,ptn5150"	18
qcom,cam-res-mgr	"qcom,cam-res-mgr"	18
qcom,cam-sensor0	"qcom,cam-sensor"	18
qcom,dp_display@ae90000	"qcom,dp-display"	18
qcom,dsi-display-primary	"qcom,dsi-display"	18
qcom,dsi-display-secondary	"qcom,dsi-display"	18
qcom,eeprom0	"qcom,eeprom"	18
qcom,mdss_dsi_ctrl0@ae94000	"qcom,dsi-ctrl-hw-v2.7"	18
qcom,mdss_dsi_ctrl1@ae96000	"qcom,dsi-ctrl-hw-v2.7"	18
qcom,mdss_dsi_phy0@ae95500	"qcom,dsi-phy-v5.2"	18
qcom,mdss_dsi_phy1@ae97500	"qcom,dsi-phy-v5.2"	18
qcom,mdss_mdp@ae00000	"qcom,sde-kms"	18
qcom,msm-ext-disp	"qcom,msm-ext-disp"	18
qcom,pm8150@0	"qcom,spmi-pmic"	18
qcom,pm8150@1	"qcom,spmi-pmic"	18
qcom,qup_uart@a8c000	"qcom,msm-geni-serial-hs"	18
qcom,sde_rscc@af20000	"qcom,sde-rsc"	18
qcom,smmu_sde_sec_cb	"qcom,smmu_sde_sec"	18
qcom,smmu_sde_unsec_cb	"qcom,smmu_sde_unsec"	18
qcom,wb-display@0	"qcom,wb-display"	18
quat_tdm_pinctrl	"qcom,msm-cdc-pinctrl"	18
raa491901@29	"meta,raa491901-i2c"	18
ramoops@a6c00000	"ramoops"	18
reboot_reason	"qcom,reboot-reason"	18
rpmh-regulator-ldoa16	"qcom,rpmh-vrm-regulator"	18
rt6160@75	"richtek,rt6160"	18
rt685_detect	"gpio-keys"	13
sde_rsc_rpmh	"qcom,sde-rsc-rpmh"	18
skin-virtual-sensor	"oculus,generic-virtual-sensor"	18
spi-stp@0	"meta,spi-stp"	18
st60a3g1@6d	"meta,st60-i2c"	18
stp-interface	"meta,stp-interface"	18
tmp114@4C	"meta,tmp114-i2c"	4
tmp114@4D	"meta,tmp114-i2c"	4
tmp114@4E	"meta,tmp114-i2c"	1
usb_conn_gpio	"meta-gpio-usb-b-connector"	18
