va	pa	attr	perm	size
0x20c21000	0x20c21000	0x4	0xf	0x1000
0x221c8000	0x221c8000	0x4	0xf	0x3000
0x320c9000	0x320c9000	0x6	0xf	0x20000
0x80860000	0x80860000	0x4	0xf	0x1000
0xf00000	0x40a000	0x6	0xf	0x1000
0xf01000	0x44a000	0x6	0xf	0x1000
0x4fc000	0x4fc000	0x4	0xf	0x1000
0x10c0000	0x10c0000	0x4	0xf	0x1000
0x10c8000	0x10c8000	0x4	0xf	0x1000
0xae36000	0xae36000	0x4	0xf	0x1000
0xc220000	0xc220000	0x4	0xf	0x1000
0xf03000	0xed1a000	0x6	0xf	0x1000
0xee0c000	0xee0c000	0x4	0xf	0x1000
0x146aa000	0x146aa000	0x6	0xf	0x1000000
0x16000000	0x16000000	0x2	0xf	0x4000
0x110000	0x110000	0x4	0xf	0x1000
0x123000	0x123000	0x4	0xf	0x2000
0x127000	0x127000	0x6	0xf	0x3000
0x12a000	0x12a000	0x4	0xf	0x1000
0x12e000	0x12e000	0x6	0xf	0x1000
0x133000	0x133000	0x4	0xf	0x1000
0x148000	0x148000	0x4	0xf	0x1000
0x164000	0x164000	0x6	0xf	0x2000
0x172000	0x172000	0x6	0xf	0x1000
0x184000	0x184000	0x4	0xf	0x1000
0x186000	0x186000	0x4	0xf	0x1000
0x404000	0x404000	0x6	0xf	0x1000
0x444000	0x444000	0x6	0xf	0x1000
0x484000	0x484000	0x6	0xf	0x1000
0x4fc000	0x4fc000	0x4	0xf	0x1000
0x10c9000	0x10c9000	0x4	0xf	0x40000
0x1f40000	0x1f40000	0x6	0xf	0xb000
0x1fc0000	0x1fc0000	0x4	0xf	0x1000
0x1fcb000	0x1fcb000	0x6	0xf	0x24000
0x1fcc000	0x1fcc000	0x4	0xf	0x10000
0xb260000	0xb260000	0x6	0xf	0x2000
0xbbf0000	0xbbf0000	0x4	0xf	0x80000
0xc210000	0xc210000	0x4	0xf	0x1000
0xc350000	0xc350000	0x6	0xf	0x1000
0xc370000	0xc370000	0x4	0xf	0x1000
0xc380000	0xc380000	0x4	0xf	0x1000
0xc390000	0xc390000	0x4	0xf	0x1000
0xc3a0000	0xc3a0000	0x4	0xf	0x1000
0xc3b0000	0xc3b0000	0x4	0xf	0x1000
0xc3c0000	0xc3c0000	0x4	0xf	0x1000
